Source,Date,Title,Content,Name,Rating,Version,Device
"BBC iPlayer",2017-05-02,"It works and updates","It's perfect even works without a TV licence","Billy EP3",5,4.25.3,
"BBC iPlayer",2017-04-30,"Useless update","I don't understand why developers bother with upgrades that make the app worse than it was before.
This is the case with the latest bbc iplayer upgrade. Downloading crashes or gets stuck permanently. And to top it all, the upgrade deleted all my stored downloads, which I can now not replace.
Not happy...",SwissTony9911,2,4.25.3,
"BBC iPlayer",2017-04-29,"Fix Airplay","Airplay feature is problematic. Every time I Multitask while air-playing I get an error message:

""Content is not currently available on this device""

Fix this ASAP",Funkyjui1ce,2,4.25.3,
"BBC iPlayer",2017-04-28,"BBC i player","Please introduce an option to play the sound when we open the app. I love to hear it when I play it through my JBL speakers.",Newyork1_dr,5,4.25.3,
"BBC iPlayer",2017-04-27,"Dear Beeb, fixed, thank you.","Another update, another issue has been a problem with this app. Not always admittedly. Currently OK, so this review updated.",Seebetterbyeatingcarrots,4,4.25.3,
"BBC iPlayer",2017-04-27,"App won't open","I love the iPlayer app and use it all the time, but this update is the worst ever! Lost all my downloads, app just won't open 90% of the time, when it does open it won't play or download anything... it's an absolute nightmare! Sort it out, please, BBC!",Lemonina,1,4.25.3,
"BBC iPlayer",2017-04-27,"Downloads not working","I love this app and use it all the time but at the moment, downloads keep failing. Not letting me download programmes",Ruthiefw,4,4.25.3,
"BBC iPlayer",2017-04-26,"Dissatisfied mackem","Love BBC programs but when I want to watch something it tells me it cannot be displayed outside UK. I'm in Tyne Wear!!!!! What on earth????","mackem over 50 ish",1,4.25.3,
"BBC iPlayer",2017-04-25,"Terrible at the moment","Totally unable to download programmes so can only use this app when connected to wifi so no more being able to watch things when commuting. Very disappointing.",dimples4Jesus,1,4.25.3,
"BBC iPlayer",2017-04-25,"Bugs, bugs, BUGS!!!!!!","Every time I load an update I find MORE problems,  NOT fewer.  The latest being that 1) after watching for about an hour it crashes, and cannot be brought up again for at least another hour - which means that the programmes which for 'legal reasons cannot be replayed on iplayer' can NEVER be watched. 1) frequently content won't load AT ALL...

Looking at other reviews it seems I'm not alone. 
In fact seeing the sheer number of negative comments it appears that very little gets done about any reported problems. 
Considering the fantastic overall quality of BBC programmes, you do your programme makers serious disservice by allowing so many reported faults to go unchecked. It makes me very sad to know that your star ratings just go on being pathetic over the four years I've been able to use this app, in particular where your competitors consistently do so much better. 
COME ON Dear Auntie, your wonderful programmes deserve SO much better. 
(Please note the lack of explanation marks. I hope this indicates how serious I feel.)
Anyone else feel similarly sad?",Disappointed&Frustrated,1,4.25.3,
"BBC iPlayer",2017-04-24,"Does what it says","You can download and watch. Not sure what everyone's problem is but it works for me",Wanderingpom,5,4.25.3,
"BBC iPlayer",2017-04-23,"Update constantly crashes - please fix it!","Title says it all. Yet another update that makes things worse. How about fixing the bugs that mean constant crashes on my iPad and iPhone? You have had enough feedback to know this isn't an isolated set of issues but a common theme. This is now a paid-for app in the Licence Fee which is a compulsory tax on TV service consumption so expectations to sort this out quickly by the BBC are thus greater. Please get on with it.","Unimpressed in Oxon",1,4.25.3,
"BBC iPlayer",2017-04-23,"Great but.....","It's a great app I can watch the shows but for some reason recently I have struggled downloading programmes. I don't know why!",emostanleo,4,4.25.3,
"BBC iPlayer",2017-04-22,"Crap. Avoid.","Worked fine but then you forced us to update, which crashes and bricked one of my devices. Reaction from the Beeb was *shrugs shoulders*","Stevie Ceeeeee",1,4.25.3,
"BBC iPlayer",2017-04-21,"Amazing if frustrating","I can't really complain. It's well worth the license fee, and there aren't any adverts.

My latest complaint is that the progress bar, when I'm downloading a programme to enjoy later offline, doesn't update. So it looks like it isn't downloading. I've worked out that, by quickly toggling the Download Programmes toggle off then on again, I can force it to update and see the download is progressing after all. But it's really annoying that this bug has slipped through ‚Äì it happens every time I download an episode.",J√∏su√©,3,4.25.3,
"BBC iPlayer",2017-04-21,"So entertaining!","I love this app it's so entertaining you have to download this amazing app!",MaxiT(565),5,4.25.3,
"BBC iPlayer",2017-04-21,Pathetic!,"Refuses to download or when it does it often freezes. Unusable piece of junk, frankly.",Marco515,1,4.25.3,
"BBC iPlayer",2017-04-21,"The update has made it worse!","When trying to view downloaded content off line, it freezes or if it does manage to start playing, quits after 2 minutes. I've tried reinstalling several times, still no joy. Thus update should have been thoroughly tested before release!","Mr Doodley123",1,4.25.3,
"BBC iPlayer",2017-04-21,"Amazing app-don't know why people are complaining","So after seeing this had a 2* rating I decided to look at the reviews. I seriously don't know where the 1 or 2 * reviews come from. I have an iPhone 5 and iPad mini along with an iPhone 6S and they all work perfectly fine. I'm on the latest OS with the latest update and can't find anything to fault. An amazing app that allows you to watch all your favourite TV programs. Seriusouky recommended.",SoldierStone,5,4.25.3,
"BBC iPlayer",2017-04-20,"Refuses to Download","The latest version refuses to download any programmes ... most frustrating üòî",Tibra60,1,4.25.3,
"BBC iPlayer",2017-04-20,Crashing,"I like my TV, and I'm a busy man. So when I miss one of my shows I want to watch it later in good quality and without glitches and freezing. However, freezing, pausing and crashing seems to a blinking common occurance FFS",Sanhooper3859,1,4.25.3,
"BBC iPlayer",2017-04-20,"Downloads crashing","Downloads failing at 2%",thegreenwizard2000,1,4.25.3,
"BBC iPlayer",2017-04-20,"What have you done!!!!!!","Worked perfectly on my iPhone for as long as I can remember.Then some clown ""updates"" it to make it BETTER.All you have done it stop it working at all.I get the same Unknown error message that a lot of others are getting.Please get it sorted .",Lillybarkingbakery,1,4.25.3,
"BBC iPlayer",2017-04-20,"So annoying","It keeps on saying unknown error!!!!!!!!!",Hhgggggfdsdffc,1,4.25.3,
"BBC iPlayer",2017-04-20,"Freezing and crashing","Latest update on iOS 10.3.1 crashes and freezes. 
Disappointing, this used to be a great app.",bdav1,1,4.25.3,
"BBC iPlayer",2017-04-19,Rubbish,"What use is this pointless application if you cannot watch anything outside of the UK? Pointless and ridiculous BBC (Biased Broadcasting Corporation). Bunch of Pedics!",Ma11y,1,4.25.3,
"BBC iPlayer",2017-04-19,"Looks good at first but fatal problems","Yet Another Bad Update. This difficult to use app remains an embarrassment for the BBC as the numerous instabilities and failures continue - not leastly the fact that it ceases up if you have to pause it to use another application.  Most naffly though, if the signal is weak it will fail to give you the option to watch your downloads whilst it struggles to connect, thereby negating the very point of downloading programmes in the first place. This is the worst catch up app out there and it never improves.",FairComment,1,4.25.3,
"BBC iPlayer",2017-04-18,Amazing,"I love this so much you have to download it.....

You can also download at home to watch outside if you don't have Internet","Be me xoxo",5,4.25.3,
"BBC iPlayer",2017-04-18,"Poor HDMI to TV picture","Works fine with an iPad Mini 4 and official Apple AV (HDMI) adaptor to the TV but using the same adaptor with an iPhone 7 the image doesn't fill the screen and is of low quality despite solid 40 meg broadband. Even tried downloading TV shows in 'high quality' but it makes no difference. Definitely a bug that didn't exist in the past.",Stephen1701,2,4.25.3,
"BBC iPlayer",2017-04-18,"Can't download anything","Unable to download anything. Keeps saying download failed. Only allows streaming which is no good unless I'm connected to my broadband. Useless if travelling abroad on holiday or on tube. What am I paying my license fee for?!",Minkyrox,1,4.25.3,
"BBC iPlayer",2017-04-17,"No longer displays live channels.","After latest update the channel list no longer works. When you select channels from the menu the list does not fill with channels and programmes. This needs fixing fast !.","AB n.lincs",1,4.25.3,
"BBC iPlayer",2017-04-17,"SORT YOUR APP OUT","Downloads get to 5% then just say 'Download failed' sort it out.",Mowgli101,1,4.25.3,
"BBC iPlayer",2017-04-17,"Airplay not working","AirPlay doesn't work on downloads. Maybe you in central London have fast enough internet everywhere that downloading isn't necessary, but those of us in the real world, at the mercy of Openreach's super slow rollout of super fast broadband, have to download if we want more than 240p. How is it that you don't test updates before pushing them out?",Rbrian,2,4.25.3,
"BBC iPlayer",2017-04-17,"Can't do anything","It's hopeless u cant download anything. And if u eventually do an ""unknown error"" occurs. Needs desperately fixing as at the moment it's not useable. 
SOMEONE FIX IT!!!",Munchkinbartram,1,4.25.3,
"BBC iPlayer",2017-04-17,"Downloads not working","Downloads not working after latest update. Rubbish",Avfc1234,1,4.25.3,
"BBC iPlayer",2017-04-17,"What's happened? This used to be a great app","I haven't used this for ages, but wanted to download some stuff to take on holiday with me. What's happened? It used to be brilliant but now I can't download anything. Haven't tried watching stuff..but if it won't download what's the point?","Poppy 63",1,4.25.3,
"BBC iPlayer",2017-04-16,"Gear for catch-up","Let's me watch Top Gear at least on my iPhone on the train.",Jimbo-Raddish,5,4.25.3,
"BBC iPlayer",2017-04-16,"Since update no longer loads","Wish I could give the BBC zero stars for this version of the iPlayer.  Quite simply it does not work despite uninstalling and re-downloading numerous times.  Sort it out.",Phil131,1,4.25.3,
"BBC iPlayer",2017-04-16,"Sums up why the BBC is failing viewers","The app used be to excellent and worked fine but recent updates have completely ruined the experience.
If you use an iPad, forget using this app, Corporation is fully aware that iPad users are having great difficulty in downloading programmes but can't even be bothered to put up a flash screen warning you of this.  Only when you go into the hidden away help pages do you find this out, yet fixing it doesn't seem to be a priority for either the Corporation.
Remember you are publicly funded and poor behaviour like this easily sways opinion about your future!","Blue Orpheus 2016",1,4.25.3,
"BBC iPlayer",2017-04-15,"A real let down","Would give 0 stars if the option was available. The apps purpose is none existent when none of the programs actually play! Fix this or everyone might as well delete this useless app.",Elsie41,1,4.25.3,
"BBC iPlayer",2017-04-14,"Downloading fails","After the update, programs just fail to download immediately","Dc hammer xt",1,4.25.3,
"BBC iPlayer",2017-04-14,"This Needs fixing","When i load the 'Live Channels' and select my tv programme it starts to load and then it says 'An Uknown error occurred' this is very fustrating when i want to watch live programmes, i'm using 'ios 10.3.1' i hope this can be fixed, 

Anthony","TaBz x KiLLeRzZ",3,4.25.3,
"BBC iPlayer",2017-04-14,"Missing some pretty basic features","Like, how hard would it be to show which episodes I've already watched? Every other catch up service does this, why not BBC?",Clareüëª,2,4.25.3,
"BBC iPlayer",2017-04-13,GREAT!!!,"Very good I can watch nearly every program on this","Apple eating pug",5,4.25.3,
"BBC iPlayer",2017-04-12,Downloads.,"Worked fine for last 12 months but whatever BBC have done to this app now goodness knows. Will not download any programmes to phone. Just stuck in queue. Sort this please. To liscene for BBC ludicrous enough so should at least be able to watch this when I want from downloads. Not every where has wifi and I don't want unlimited data on phone when I pay for unlimited broadband so I can store to phone. 
Not happy bunny","I am not complaining",2,4.25.3,
"BBC iPlayer",2017-04-12,"Doesn't really work since latest update","Now takes forever to download - if it downloads at all. It takes so long to download a programme I just give up.

Also won't play anything unless phone is airplane mode.

Now utterly useless","Mandatory review bot",1,4.25.3,
"BBC iPlayer",2017-04-11,"Recent update made things worse","Until the latest update I had no problems. Now it won't let me airplay from iPhone via Apple TV. I find this app good for catching up on stuff I've missed or at least, I used to. Come on BBC, sort it out.

Update:  I got round this glitch by deleting the app and downloading it again. It now works. It's a good app and this recent problem was the first I've had.","Woolly Brain",1,4.25.3,
"BBC iPlayer",2017-04-11,"Download failed frustration","Downloads fail constantly. Never been a problem before.",labradoodle,1,4.25.3,
"BBC iPlayer",2017-04-11,"Good, but could be better.","Could be improved if live programs had subtitles, as on broadcast TV.","David J Taylor",4,4.25.3,
"BBC iPlayer",2017-04-11,"Sort this out!!!","The latest update means this crashes, freezes and refuses to download or play downloads.
Some older content was deleted which means a programme that was previously available for months is no longer available.
No warning was given about this, only a message once the update had been completed! 
Please fix these issues or I won't use the service...","Queen Tiy",1,4.25.3,
"BBC iPlayer",2017-04-11,"The BBC",Ok‚Ä¶‚Ä¶,"Ok bye you have to",4,4.25.3,
"BBC iPlayer",2017-04-11,"Very disappointing","The app claims I live outside of the UK when I do not, therefore does not allow me to watch any programmes. As well as that, for the past few months no programmes finish downloading and just say 'download failed'. The app is super slow too. If I could, I would rate it 0/5. Do not waste your time and don't download it!",Kz562005,1,4.25.3,
"BBC iPlayer",2017-04-10,"Not downloading!!!!","It's not downloading at all, SORT IT OUT!!!!",Ozyly,1,4.25.3,
"BBC iPlayer",2017-04-10,"Doesn't do as it says on the tin","Programmes won't download onto IPad. As I watch most programmes this way I'm extremely disappointed and fail to see why I should pay for my licence fee if this continues.",Odidge,1,4.25.3,
"BBC iPlayer",2017-04-09,"Where are my previous (paid for) downloads?","Generally i am a massive fan of the BBC iPlayer however last week i was disappointed to find half of my downloaded programmes had been 'deleted to improve my viewing experience etc'Please note: The programmes that were 'deleted' were programmes that I had purchased via the BBC store and dowloaded via the iPlayer app. I have legitimately paid for these and pay my TV licence so i don't like the BBC to make assumptions and delete my purchases. I pay for limited broadband and DO NOT expected to re-stream or download programmes that i have paid for and used broadband data on doing so. I expect to be asked before deletions are made. I would prefer to rate you no stars but have to chose somethings so you get one star from me but really its no-stars. Zero. Rubbish.",Thatdamien,1,4.25.3,
"BBC iPlayer",2017-04-09,"AirPlay fails to work on downloads...","The most recent update is very poor...  programs downloaded will not play on AirPlay.  With a internet connection that can't always be relied upon this is very poor.  A backward step.  Please reinstate this key feature.",PRM2,1,4.25.3,
"BBC iPlayer",2017-04-09,"Download debacle","Please please try and sort this issue with download fail......",Rosbee,1,4.25.3,
"BBC iPlayer",2017-04-09,"Not good - won't work","They keep messing with it. Now you can't download anything on the iPad to watch offline, tried to complain by email and they suggested I should delete all my downloads and reinstall the app. Not good. Hey BBC, get a grip and sort this out, don't hide behind bull standard answers ... Stop tinkering with the app and just make it work :((((",Brun660-,1,4.25.3,
"BBC iPlayer",2017-04-08,"Downloads fail","You can watch with wifi but downloads have failed for last few updates so 1 star until they sort this out - surely it's one of the most important functions of the app??!",QT2010,1,4.25.3,
"BBC iPlayer",2017-04-08,"iPlayer is not working with Apple TV","Great App  I use it a lot  But very sorry to report but I am having with problems with  iPlayer not working with Apple TV I have try uninstalled and reinstall the iPlayer and rebooted my iPad and I done the same with my iPhone but I have same problem. Hope this can be fix quickly. Until then I can only give it 4 out 5 stars",Ampleskin,4,4.25.3,
"BBC iPlayer",2017-04-08,"Please add in keychain support!!","I enjoy using the iPlayer app on my iPhone but you are currently forcing users to login fresh with each update. I use suggested passwords within iOS to ensure I have good quality passwords. I really can't remember this password and to be honest I don't really want to. But it's becoming a pain trying to log back into iPlayer after every update. Please can you add in support for keychain so I can unlock the password with Touch ID and have it automatically added to the app login screen when I add in my username. It would make this whole process much more user friendly and less of a chore that just ends up putting me off using the app in favour of other entertainment apps that I can just access so much easier. Simple tweak to make your users life easier. That's got to be a win win for everyone!",jbuk,4,4.25.3,
"BBC iPlayer",2017-04-08,"A great app has just stopped downloading","App has updated and now stops downloading after 5%. Same for all programmes. Tried all settings to no avail. Downloading on all other apps works, Apple iOS up to date. Please fix - need this for CBeebies and a long car journey ahead with 2 young children!",Boonse1980,1,4.25.3,
"BBC iPlayer",2017-04-08,"Please listen","Why, why, why do we still not have the programmes in order of when they expire?",MsVictoria1,2,4.25.3,
"BBC iPlayer",2017-04-07,"Very frustrating app","I find it very frustrating that when a programme you are watching finishes, it carries on playing other episodes in the series instead of just stopping. 

As I use this app mainly when I go to bed I lose track of what I have watched and what has played once I've gone to sleep.",K.B.123,3,4.25.3,
"BBC iPlayer",2017-04-06,"New version of app not downloading","Tried updating the app it it won't download ..so I deleted app and tried to re install but it's still doing the same ...not downloading",johnrob23,1,4.25.3,
"BBC iPlayer",2017-04-06,Hopeless,"Each version seems to bring more problems. They fixed the annoying banging sound when you start the app. but now nothing that you've downloaded will play on Airplay.

Latest update tried: 05/04/17, problem not fixed - now completely useless! I knew I shouldn't have upgraded.

Thanks Beeb...","Mr Sensible",1,4.25.3,
"BBC iPlayer",2017-04-06,"AirPlay not working anymore on downloads","The latest version of iPlayer will not play downloads through AirPlay to Apple TV. Most annoying. Only playable using AirPlay mirroring which reduces the picture size.
Otherwise I love this app",Rafeymac,3,4.25.3,
"BBC iPlayer",2017-04-05,"Airplay not working","Airplay no longer working with latest updates. Using ios9.3.5. Content plays on device but when I switch to AirPlay I get a message that says content is not available",Threepennys,2,4.25.3,
"BBC iPlayer",2017-04-05,"AirPlay to Apple TV stopped working","The latest version stops me from using airplay. Programme plays fine on device but can't be mirrored on TV anymoreü§ï","Ace van de Meer",3,4.25.3,
"BBC iPlayer",2017-04-05,Jumping,"It crashes when I go into menu and press home. Always been fine before. Now it jumps backwards and forwards and freezes so some of programmes are missed.","Dolly mixtures",2,4.25.3,
"BBC iPlayer",2017-04-05,"App keeps crashing","The lasted update is flawed. Better off with Netflix and Amazon Prime.",BMBysie,1,4.25.3,
"BBC iPlayer",2017-04-05,"Better guide","I like this app but the guide could be better. Perhaps add a synopsis for upcoming shows and reminder alerts too maybe.",Crigga84,4,4.25.3,
"BBC iPlayer",2017-04-05,"works again","Now working again.....",robpb1,3,4.25.3,
"BBC iPlayer",2017-04-05,"Current version iPlayer","This latest version is full of bugs. It doesn't refresh on the TV guide when you try to. It blanks out it switches off completely, keeps asking me to send reports and i am hoping it will be fixed asap",MillySuz,1,4.25.2,
"BBC iPlayer",2017-04-04,"Not fixed .","Worked great until update . Now crashing üí©üí©",Pjcf1fan,1,4.25.2,
"BBC iPlayer",2017-04-04,"Download Queue Causes Instant Crash","The current version crashes instantly if the download queue is viewed. Otherwise it seems reasonably stable.",Troddles,2,4.25.2,
"BBC iPlayer",2017-04-03,"Need to fix...","I LOVE this app! It's great. You can watch what you want that's on BBC for free with no hassle. I used to be able to download anything tho, but recent updates have lead me NOT to be able to. Please fix this as I love the app but cannot watch anything with no wifi and causes some problems, if this is fixed it will be with FIVE starsüòä thank you‚ù§",Fsrrg,4,4.25.2,
"BBC iPlayer",2017-04-03,"Deletes your downloads","This new version removes all your downloaded programmes without any warning. Outrageous & unacceptable.",Pete5819zan,1,4.25.2,
"BBC iPlayer",2017-04-03,"Apparently 'not in the UK'","It's been saying that I'm not in the UK for while now so won't let me watch the programs but I know for a fact that I am in the UK it's starting to really bug me",Ems12245,2,4.25.2,
"BBC iPlayer",2017-04-02,"queue just crashes","queue option just doesn't work at all. it just crashes. so you have not idea what is going on 
great upgrade",bigcrashagain,1,4.25.2,
"BBC iPlayer",2017-04-02,"Recent error","I absolutely love this app. I think it's a really good use of license fee.

Recent problem- downloading used to take 10 mins now takes nearly three times that. During downloading of a programme it crashes and closes the app. I cannot click on queue without it shutting down. I have sent report but problem not flexed yet.

Other than that no complaints would highly recommend it. Easy to use and great variety.",GyasiW,3,4.25.2,
"BBC iPlayer",2017-04-02,bug,"Now the app crashes every time I try to look at the queue to download. Hopeless.","Griff u",1,4.25.2,
"BBC iPlayer",2017-04-02,"I'm having problems...","Before the most recent update it was fine but now it keeps crashing during a program so I have to go off and on again and I know it's not the wi-fi because it works on Netflix",Apollows,4,4.25.2,
"BBC iPlayer",2017-04-02,"Losing functionality.","Can't watch or download some of my purchased programs with this latest update.",scienceshopper,1,4.25.2,
